time/iterations,rollout/ep_len_mean,time/time_elapsed,rollout/ep_rew_mean,time/total_timesteps,time/fps,train/clip_range,train/n_updates,train/entropy_loss,train/clip_fraction,train/value_loss,train/approx_kl,train/policy_gradient_loss,train/learning_rate,train/loss,train/explained_variance,train/std
1,747.0,1,-6913.457454,2048,1979,,,,,,,,,,,
2,732.0,2,-6934.5634256,4096,1374,0.2,10,-1.8523817591369152,0.035693359375,33353.51903686523,0.0045184027,-0.004933838287252001,0.0003,13857.3154296875,0.0016356110572814941,0.6141775846481323
3,808.5714285714286,4,-7557.7892387142865,6144,1260,0.2,20,-1.8573622174561024,0.025048828125,21460.714361572267,0.0034358483,-0.003984448345727287,0.0003,7164.53369140625,0.03902614116668701,0.6108567714691162
4,851.1111111111111,6,-7545.841393111112,8192,1201,0.2,30,-1.8535740315914153,0.017333984375,26366.1813293457,0.002419169,-0.0014180661004502327,0.0003,10633.67578125,-0.03529942035675049,0.611976683139801
5,878.1818181818181,8,-7496.351882090909,10240,1164,0.2,40,-1.8568499885499476,0.046337890625,15056.455117797852,0.005141773,-0.005195500768604688,0.0003,5825.4853515625,-0.002301812171936035,0.6133561134338379
6,851.7142857142857,10,-6638.847395142858,12288,1156,0.2,50,-1.8609598353505135,0.064453125,12702.086940002442,0.007404281,-0.007597255383734592,0.0003,6254.62353515625,9.822845458984375e-05,0.6156901121139526
7,870.25,13,-6477.182883625001,14336,1044,0.2,60,-1.8604293424636125,0.05771484375,5396.891952514648,0.0067306347,-0.005444049861398526,0.0003,2136.049560546875,-0.00019252300262451172,0.6131764650344849
8,872.7777777777778,16,-6092.544936444446,16384,977,0.2,70,-1.8638750869780778,0.054638671875,5724.03268661499,0.0057883654,-0.0067918037268100305,0.0003,2599.747314453125,-3.5881996154785156e-05,0.6166298389434814
9,875.95,19,-5806.84876825,18432,932,0.2,80,-1.8722205135971308,0.055908203125,2588.010498046875,0.006290881,-0.003957329494005535,0.0003,1412.4552001953125,-9.906291961669922e-05,0.6187129616737366
10,883.695652173913,23,-5395.587926347826,20480,888,0.2,90,-1.8852116037160158,0.066943359375,2583.933553314209,0.0076138377,-0.007881551935861352,0.0003,984.079345703125,-6.949901580810547e-05,0.624559760093689
11,893.0,27,-5180.438573320001,22528,828,0.2,100,-1.8849169310182332,0.09990234375,708.6305006027221,0.011109883,-0.0033796545641962437,0.0003,451.75042724609375,-2.682209014892578e-05,0.6186378598213196
12,899.1111111111111,30,-5050.497932185186,24576,804,0.2,110,-1.8695520542562007,0.072265625,876.4467871665954,0.008015029,-0.0024632530177768784,0.0003,429.9037780761719,-3.5762786865234375e-06,0.6127016544342041
13,882.3666666666667,33,-4798.377380266667,26624,789,0.2,120,-1.8578749421983958,0.07041015625,1713.4625469207763,0.008144974,-0.007462513285281603,0.0003,626.2979736328125,8.344650268554688e-06,0.6133849620819092
14,889.71875,36,-4696.42383484375,28672,793,0.2,130,-1.8673527721315621,0.085302734375,2644.5348335266112,0.010839883,-0.008616615593928146,0.0003,1175.0928955078125,-1.4543533325195312e-05,0.6191675662994385
15,892.6764705882352,38,-4570.525897764706,30720,792,0.2,140,-1.8771435111761092,0.071630859375,1422.588077735901,0.0075287754,-0.005172010370006319,0.0003,744.5404052734375,3.916025161743164e-05,0.6174237728118896
16,887.2777777777778,41,-4426.764829277778,32768,782,0.2,150,-1.8705946303904057,0.1978515625,694.0346379756927,0.012445999,0.012215095253486652,0.0003,174.49761962890625,3.528594970703125e-05,0.6159319877624512
17,843.0243902439024,45,-4054.500127414634,34816,771,0.2,160,-1.8776274640113115,0.14140625,1288.1986434936523,0.02272351,0.0034226602787384764,0.0003,637.3760375976562,-0.015092849731445312,0.6259424686431885
18,850.3255813953489,48,-3987.0099066511625,36864,763,0.2,170,-1.8989727068692446,0.146337890625,937.0269124031067,0.0041019153,0.0006783229517168365,0.0003,813.2345581054688,0.00033843517303466797,0.6259097456932068
19,851.6444444444444,51,-3937.1890924666664,38912,755,0.2,180,-1.9058421052992345,0.11787109375,919.6148713111877,0.019735161,0.0023842754715587946,0.0003,341.9706115722656,-0.1199566125869751,0.6329203844070435
20,843.4791666666666,54,-3806.1875958958335,40960,750,0.2,190,-1.9191808581352234,0.1453125,1286.1722047805786,0.010590802,-0.0009495284437434747,0.0003,377.447509765625,-3.1828880310058594e-05,0.6308138966560364
21,781.1454545454545,57,-3457.8565838181817,43008,743,0.2,200,-1.9066695939749478,0.142236328125,690.5411093711853,0.0053404523,0.0064518743864027785,0.0003,314.6561279296875,6.133317947387695e-05,0.6242557764053345
22,786.3157894736842,61,-3423.601862824562,45056,737,0.2,210,-1.893135242164135,0.0826171875,2362.710496711731,0.0064976723,-0.006650686833017972,0.0003,810.2437133789062,0.0009236335754394531,0.6236692667007446
23,784.4833333333333,64,-3343.939511916667,47104,732,0.2,220,-1.9037906344980002,0.05654296875,872.0193457603455,0.0025193682,0.00012182898208266125,0.0003,587.7201538085938,-0.0068579912185668945,0.6321283578872681
24,775.3492063492064,67,-3251.9392662063497,49152,727,0.2,230,-1.924640542641282,0.0654296875,918.9675662994384,0.00462561,-0.005807144428399624,0.0003,464.8360900878906,0.0592537522315979,0.6354172229766846
25,781.4,71,-3202.2978892307697,51200,720,0.2,240,-1.928249815478921,0.0265625,783.6542756080628,0.002687715,-0.0033858402297482827,0.0003,386.28948974609375,0.053229689598083496,0.6340796947479248
26,787.9253731343283,74,-3167.4344558955227,53248,716,0.2,250,-1.923298791050911,0.0484375,411.4455318927765,0.0056316853,-0.003743570686492603,0.0003,133.73329162597656,0.014861702919006348,0.6329079866409302
27,790.1884057971015,77,-3115.663990246377,55296,711,0.2,260,-1.9216759741306304,0.095068359375,343.89183964729307,0.007960438,-0.009416275782859885,0.0003,164.42359924316406,-0.011654019355773926,0.6331003904342651
28,788.375,80,-3033.4478053750004,57344,708,0.2,270,-1.916799008846283,0.0681640625,325.38621492385863,0.008914637,-0.004687874695810024,0.0003,94.74552154541016,0.043364763259887695,0.6291078329086304
29,791.2,84,-2988.5354221600005,59392,705,0.2,280,-1.9044149391353131,0.05595703125,380.1616932153702,0.0067252903,-0.005899836431490257,0.0003,108.72822570800781,-0.011259198188781738,0.6252155303955078
30,796.6233766233767,87,-3009.8342531298704,61440,702,0.2,290,-1.9048710279166698,0.04169921875,1796.7011396408082,0.0047827438,-0.003573555864568334,0.0003,1231.2930908203125,-0.0369110107421875,0.6296103000640869
31,801.7721518987341,90,-2971.349251835443,63488,700,0.2,300,-1.9123780280351639,0.0216796875,5835.100342178344,0.0034488472,-0.0031524638630799017,0.0003,1689.161865234375,0.1622457504272461,0.6298551559448242
32,806.6666666666666,93,-2932.1917376790125,65536,697,0.2,310,-1.9131399720907212,0.094091796875,281.5586240053177,0.0064273253,-0.006673389193747425,0.0003,126.8293228149414,0.006771504878997803,0.6303157210350037
33,803.1904761904761,97,-2868.0302129880956,67584,696,0.2,320,-1.9076626498252154,0.06513671875,206.31064548492432,0.0076572695,-0.0031919067783746868,0.0003,89.61528015136719,0.1490994095802307,0.6281965970993042
34,807.7674418604652,100,-2835.11213255814,69632,694,0.2,330,-1.8889807023108005,0.098974609375,344.0774117231369,0.009836193,-0.00717196745245019,0.0003,190.2841796875,0.21478313207626343,0.6174188852310181
35,812.1363636363636,103,-2797.1274219090915,71680,691,0.2,340,-1.872635567933321,0.087158203125,258.2324704408646,0.0068243113,-0.005552948600961827,0.0003,183.17367553710938,0.1094815731048584,0.6181447505950928
36,816.3111111111111,106,-2756.123490333334,73728,690,0.2,350,-1.8728211142122746,0.113525390625,87.36658796072007,0.009375715,-0.007354747901263181,0.0003,18.737857818603516,0.09854042530059814,0.616202712059021
37,820.304347826087,110,-2772.4988799673915,75776,687,0.2,360,-1.8509724814444781,0.128564453125,59.343609005212784,0.013290696,-0.005615407593722921,0.0003,16.21613883972168,0.13576573133468628,0.6070393919944763
38,824.1276595744681,113,-2738.1182748297874,77824,685,0.2,370,-1.8364432584494352,0.066650390625,3000.879606628418,0.0046816766,-5.483554414240643e-05,0.0003,1686.1494140625,0.4082227945327759,0.606753945350647
39,827.7916666666666,116,-2700.758712916667,79872,684,0.2,380,-1.810441092774272,0.098779296875,83.99772075414657,0.00860671,-0.005124763818457723,0.0003,43.7227783203125,0.005377829074859619,0.5928248167037964
40,831.3061224489796,120,-2664.82403172449,81920,682,0.2,390,-1.7762468054890632,0.122021484375,82.4455864906311,0.012851717,-0.00415912769822171,0.0003,28.29195785522461,0.08330214023590088,0.5848406553268433
41,834.68,123,-2627.26448547,83968,679,0.2,400,-1.742288178578019,0.127978515625,51.619081032276156,0.009361402,0.0018954247760120779,0.0003,19.187618255615234,0.14153605699539185,0.57353675365448
42,839.74,126,-2504.86310864,86016,678,0.2,410,-1.7066300813108684,0.1072265625,46.67759267687798,0.010773094,-0.0008305319017381408,0.0003,19.729948043823242,0.0388370156288147,0.5619725584983826
43,839.74,130,-2312.6306020300003,88064,677,0.2,420,-1.6686257675290108,0.14072265625,40.20194026827812,0.013125843,-0.006494710342667531,0.0003,15.218572616577148,0.11218822002410889,0.5547908544540405
44,848.08,133,-2238.49540837,90112,675,0.2,430,-1.6640724647790193,0.108203125,35.4663387298584,0.011573277,-0.002138071143417619,0.0003,11.475271224975586,0.15596449375152588,0.5576728582382202
45,848.08,136,-2064.2160096,92160,674,0.2,440,-1.6430546924471856,0.110986328125,36.10617293715477,0.009225728,-0.0034042348052025773,0.0003,18.90912628173828,0.19356447458267212,0.544536828994751
46,848.08,139,-1941.75877292,94208,673,0.2,450,-1.596979671344161,0.109423828125,26.968140313029288,0.0071107903,-5.6653618230484426e-05,0.0003,17.350658416748047,0.1609557867050171,0.5328562259674072
47,848.08,143,-1833.3677857900004,96256,672,0.2,460,-1.5723008818924427,0.085498046875,36.98282910585404,0.0067325267,-0.003811390374903567,0.0003,16.8067569732666,0.13769131898880005,0.5304204225540161
48,855.44,146,-1846.05297884,98304,671,0.2,470,-1.5590803246945142,0.099365234375,49.80706306695938,0.009282321,-0.002520796444878215,0.0003,18.335084915161133,0.10775882005691528,0.5252724289894104
49,855.44,149,-1781.2463103599998,100352,669,0.2,480,-1.5476054180413485,0.01630859375,1140.8589122772216,0.0027999948,-0.0009498218685621395,0.0003,260.1549377441406,0.6348108649253845,0.524608850479126
50,857.58,153,-1761.7653340499996,102400,668,0.2,490,-1.545947578549385,0.023291015625,2699.47410697937,0.002798311,-0.002975699046510272,0.0003,681.8423461914062,0.789013147354126,0.5245403051376343
51,859.49,156,-1706.35061043,104448,667,0.2,500,-1.545973224937916,0.08037109375,376.02429822683337,0.0063425996,-9.350590116810053e-05,0.0003,169.55929565429688,0.8175551891326904,0.5249732732772827
52,854.72,159,-1648.5198480999998,106496,665,0.2,510,-1.532895539328456,0.10263671875,55.782552218437196,0.009143242,0.0014010307837452273,0.0003,45.11162185668945,0.02689439058303833,0.5184311270713806
53,854.72,163,-1604.4456765999996,108544,665,0.2,520,-1.5202261708676814,0.082470703125,222.18617131710053,0.006951767,-0.005896816551103257,0.0003,131.9748992919922,0.25102365016937256,0.5176969170570374
54,855.21,166,-1548.0959836799998,110592,664,0.2,530,-1.494560096040368,0.14130859375,29.874768441915514,0.009546652,0.001998232955520507,0.0003,15.398043632507324,0.16322416067123413,0.5059629082679749
55,863.26,169,-1507.3868220399997,112640,664,0.2,540,-1.4683943424373864,0.093359375,95.56421284675598,0.00751557,-0.003479416109621525,0.0003,32.636573791503906,0.5942051410675049,0.5037562251091003
56,863.26,171,-1457.4560326499998,114688,669,0.2,550,-1.446057666093111,0.16513671875,22.328461465239524,0.020878255,-0.006359043242991902,0.0003,8.813437461853027,0.2519245147705078,0.49591803550720215
57,864.46,174,-1470.34233265,116736,670,0.2,560,-1.401678728684783,0.126611328125,26.25422042608261,0.012365122,-0.0015753833780763672,0.0003,18.845426559448242,0.15718048810958862,0.48186245560646057
58,864.46,177,-1423.0315279399997,118784,669,0.2,570,-1.375512483343482,0.036962890625,3309.631508636475,0.0034115687,-0.0007032630761386827,0.0003,1373.0751953125,0.8193629384040833,0.4817730188369751
59,868.55,180,-1373.30815603,120832,669,0.2,580,-1.350769641250372,0.131396484375,32.51297699511051,0.012157366,-0.0006158566291560418,0.0003,24.270097732543945,0.08468490839004517,0.4706162214279175
60,885.88,183,-1373.66825393,122880,668,0.2,590,-1.31620187535882,0.106298828125,71.34089365005494,0.009020584,-0.004652059613727033,0.0003,38.70676040649414,0.0414738655090332,0.46553006768226624
61,892.33,187,-1356.5159698,124928,667,0.2,600,-1.2908203810453416,0.126611328125,37.593079724907874,0.017925244,-0.000212908456887817,0.0003,7.819030284881592,0.30784088373184204,0.4592300057411194
62,894.73,190,-1324.7549848,126976,667,0.2,610,-1.2637317232787608,0.154345703125,44.56644133925438,0.015160227,-0.0061675180972088125,0.0003,19.266578674316406,0.22636938095092773,0.45361560583114624
63,894.73,193,-1272.5170231700001,129024,666,0.2,620,-1.251944537088275,0.05234375,950.7332292556763,0.0036022607,-0.0009202681474562268,0.0003,608.6622314453125,0.8288881778717041,0.4518132209777832
64,903.1,196,-1248.08380148,131072,665,0.2,630,-1.2337610006332398,0.10693359375,57.83444229364395,0.011206044,0.001923024056304712,0.0003,26.08441925048828,0.0636143684387207,0.4469316005706787
65,910.38,199,-1218.1944945,133120,665,0.2,640,-1.2048072326928376,0.166943359375,38.96064596772194,0.015438624,0.0002178848153562285,0.0003,23.964508056640625,0.13217198848724365,0.43893200159072876
66,923.49,201,-1191.97175422,135168,669,0.2,650,-1.1793547201901675,0.146142578125,32.53698498606682,0.019124348,0.0012917410916998052,0.0003,16.588172912597656,0.1718088984489441,0.4356914758682251
67,940.58,204,-1195.8702721799998,137216,671,0.2,660,-1.1620563112199307,0.199560546875,14.422903107106686,0.014046628,-0.0001660772060859017,0.0003,8.011972427368164,0.2239217758178711,0.43046632409095764
68,948.34,207,-1215.8807582399998,139264,670,0.2,670,-1.1522897325456143,0.10888671875,197.70377274155618,0.006941081,-0.003265408318839036,0.0003,185.0032196044922,0.8929445743560791,0.43191713094711304
69,957.27,211,-1190.50546148,141312,668,0.2,680,-1.1572871293872595,0.035205078125,401.80145092010497,0.005038323,-0.0011590412555960937,0.0003,94.7363052368164,0.9547528624534607,0.43268510699272156
70,957.28,214,-1148.2905198199999,143360,667,0.2,690,-1.1454711474478245,0.160986328125,26.17244158387184,0.015153632,-0.0004851156882068608,0.0003,16.04877281188965,0.09195894002914429,0.42688363790512085
71,964.95,218,-1125.6472179999998,145408,666,0.2,700,-1.1261360820382833,0.146240234375,31.543095290660858,0.010021081,-0.0015138396112888586,0.0003,13.9556303024292,0.15523558855056763,0.42485547065734863
72,970.06,221,-1103.2004597399998,147456,665,0.2,710,-1.1168179336935282,0.125439453125,33.54531967639923,0.013575368,0.0006894741221913136,0.0003,13.415298461914062,0.2201889157295227,0.4232748746871948
73,970.06,224,-1070.3102367699998,149504,664,0.2,720,-1.110503613576293,0.121533203125,39.38695240020752,0.012314592,-0.0001621068746317178,0.0003,16.806406021118164,0.10615390539169312,0.4219008982181549
74,970.06,228,-1047.8366930599998,151552,664,0.2,730,-1.0972029257565736,0.150830078125,18.06726506650448,0.013274001,0.0036875261896057053,0.0003,9.437830924987793,0.06068384647369385,0.41787803173065186
75,972.74,231,-1078.5479371299998,153600,663,0.2,740,-1.0932182092219591,0.105419921875,76.1165513753891,0.012660008,-0.003924351907335222,0.0003,37.795494079589844,0.26612740755081177,0.4194294214248657
76,980.34,234,-1075.1647169999999,155648,662,0.2,750,-1.095299731194973,0.053759765625,1645.4035878658294,0.0058526807,-0.0040328906456124965,0.0003,133.85986328125,-0.07611346244812012,0.419558048248291
77,980.34,238,-1041.3798304900001,157696,661,0.2,760,-1.0875872392207384,0.142431640625,91.1426703095436,0.013187351,0.0009162809423287399,0.0003,33.938350677490234,-0.34364891052246094,0.4161561131477356
78,984.57,241,-995.6650315999999,159744,660,0.2,770,-1.0827136978507041,0.07880859375,109.36195795536041,0.008708993,-0.0001795455231331289,0.0003,60.60481643676758,0.05428946018218994,0.4162721633911133
79,984.57,245,-980.42250364,161792,660,0.2,780,-1.0920153763145208,0.128271484375,121.24333870410919,0.014690633,-0.000533263268880546,0.0003,63.51681900024414,-0.015184998512268066,0.42063331604003906
80,984.57,247,-957.6206244599999,163840,662,0.2,790,-1.0808089651167392,0.137646484375,76.12004988193512,0.010646032,0.0007608701096614822,0.0003,40.105308532714844,-0.03441357612609863,0.4128013253211975
81,993.29,250,-955.5961214099998,165888,661,0.2,800,-1.0754316721111536,0.1736328125,40.90919029712677,0.01565139,0.0028365648453473114,0.0003,18.757953643798828,0.005386948585510254,0.41857579350471497
82,993.29,253,-944.4794868599998,167936,661,0.2,810,-1.082648292183876,0.084375,122.5848646402359,0.006529314,-0.0018523471146181692,0.0003,54.367618560791016,0.030917048454284668,0.4160684049129486
83,993.29,257,-930.59727313,169984,660,0.2,820,-1.0801309432834387,0.0787109375,123.04849934577942,0.006087044,-0.0045565902371890845,0.0003,92.59403228759766,0.11535757780075073,0.4172632694244385
84,993.29,260,-946.16025411,172032,660,0.2,830,-1.0816444963216783,0.089794921875,107.33129200935363,0.008917025,-0.0037838855831068942,0.0003,50.231475830078125,0.04852581024169922,0.4161783456802368
85,993.29,263,-934.81711933,174080,659,0.2,840,-1.0794547099620104,0.040283203125,1275.503231906891,0.0040019713,-0.0010371346230385824,0.0003,520.118408203125,0.7429598569869995,0.41694313287734985
86,993.29,267,-876.9147223000001,176128,658,0.2,850,-1.072132370620966,0.1822265625,44.75536145567894,0.011891973,-7.131806487450376e-05,0.0003,22.72221565246582,-0.09756958484649658,0.41363275051116943
87,993.29,270,-860.04486554,178176,658,0.2,860,-1.0565458234399556,0.135595703125,70.61301656961442,0.012272051,-0.0017322933184914292,0.0003,25.40019416809082,0.13403606414794922,0.41056662797927856
88,993.29,274,-851.3090658000001,180224,657,0.2,870,-1.0480232078582048,0.147802734375,51.124628621339795,0.010542739,-0.0020867109546088614,0.0003,21.624906539916992,0.11426204442977905,0.4101906418800354
89,993.29,277,-841.4040947000001,182272,656,0.2,880,-1.0524378694593906,0.156884765625,47.235720723867416,0.016666513,0.0025949439106625503,0.0003,21.513973236083984,-0.04447770118713379,0.41151419281959534
90,993.29,281,-830.7793723,184320,655,0.2,890,-1.0512425191700459,0.17900390625,27.82280116081238,0.0076774755,0.003058754356607096,0.0003,15.313135147094727,0.14119935035705566,0.4101320803165436
91,993.29,284,-826.7031975199998,186368,655,0.2,900,-1.0385084077715874,0.125927734375,29.482718110084534,0.0107365465,-0.0022481229025288485,0.0003,10.68516731262207,0.09839081764221191,0.4074466824531555
92,993.29,287,-826.4395298199998,188416,654,0.2,910,-1.0213320173323155,0.0904296875,57.582953131198884,0.0064803837,-0.0017679702141322196,0.0003,27.585060119628906,0.061712026596069336,0.4036039710044861
93,993.29,291,-825.7031599400002,190464,653,0.2,920,-1.022016129270196,0.114453125,47.76257405281067,0.007990551,-0.00012243465607753024,0.0003,21.907386779785156,0.16389203071594238,0.40814897418022156
94,993.29,294,-817.5626059300001,192512,653,0.2,930,-1.0354013487696647,0.081005859375,59.254152584075925,0.008621454,-0.0030726708653673997,0.0003,29.367761611938477,0.05573403835296631,0.4083690047264099
95,993.29,298,-812.70708987,194560,652,0.2,940,-1.0314573638141156,0.13076171875,18.262197202444078,0.00908656,-0.001872389952040976,0.0003,6.792703151702881,0.0719786286354065,0.40663424134254456
96,993.29,301,-803.6065939400002,196608,651,0.2,950,-1.0284467943012714,0.0943359375,46.799494969844815,0.009554008,-0.0021876513928873464,0.0003,21.043119430541992,0.15781652927398682,0.40798091888427734
97,993.29,304,-738.5175877399998,198656,651,0.2,960,-1.0355525940656662,0.098681640625,65.58869099617004,0.009958085,-0.002957665354915662,0.0003,12.720970153808594,0.34713685512542725,0.4092300534248352
98,993.29,308,-672.1063577199998,200704,651,0.2,970,-1.0304035410284995,0.13310546875,28.356111255288123,0.011582056,0.0006490697283879854,0.0003,7.8974690437316895,0.1751423478126526,0.40878069400787354
99,993.29,311,-667.9122672999999,202752,650,0.2,980,-1.0237331729382277,0.11669921875,91.40631396770478,0.009640192,-0.004092543143633521,0.0003,9.138164520263672,0.5391969084739685,0.40526384115219116
100,993.29,314,-648.6502071399999,204800,650,0.2,990,-1.0030400751158595,0.1650390625,26.95364684164524,0.013994247,0.0015172879982856102,0.0003,12.87710952758789,0.018696069717407227,0.40159866213798523
101,1000.0,318,-643.2502098699999,206848,650,0.2,1000,-0.983647839538753,0.12119140625,44.404732590913774,0.009550687,-0.006164620806521271,0.0003,22.136795043945312,0.23712873458862305,0.3977663516998291
102,1000.0,321,-633.65447371,208896,649,0.2,1010,-0.9679277947172522,0.1251953125,38.73737424314022,0.01409621,-0.0018386313051450998,0.0003,26.883167266845703,0.4614211916923523,0.3958955705165863
103,1000.0,324,-621.4500827100001,210944,649,0.2,1020,-0.9581143876537681,0.175830078125,15.641112932562828,0.013524665,-0.0033651154255494474,0.0003,7.739675521850586,0.22310608625411987,0.3936099410057068
104,1000.0,328,-615.10546372,212992,648,0.2,1030,-0.947675452567637,0.1810546875,20.929138065874575,0.015751792,-0.0035781943413894625,0.0003,7.802955627441406,0.2625192403793335,0.39219239354133606
105,1000.0,331,-610.78568547,215040,648,0.2,1040,-0.9348680891096592,0.14951171875,17.651133161783218,0.014623629,0.00026497238141018895,0.0003,9.212004661560059,0.20487242937088013,0.3894405961036682
106,1000.0,335,-564.7836345,217088,647,0.2,1050,-0.9296254120767117,0.08271484375,68.05250214338302,0.010446481,-0.0028459414068493063,0.0003,35.067474365234375,0.46562379598617554,0.38866323232650757
107,1000.0,338,-557.54582681,219136,647,0.2,1060,-0.9310694025829435,0.059521484375,248.26011188030242,0.0073415665,-0.004358658666023985,0.0003,87.44564819335938,0.7101477980613708,0.39046216011047363
108,1000.0,342,-643.05010105,221184,646,0.2,1070,-0.9368097890168429,0.019677734375,1834.9536529541015,0.002525472,0.000538286060327664,0.0003,282.0002746582031,0.6167064905166626,0.3903714418411255
109,1000.0,345,-639.60648439,223232,646,0.2,1080,-0.9365183394402266,0.041845703125,4961.735771179199,0.0044366815,-0.0038671908812830226,0.0003,1965.44921875,0.7665769457817078,0.390988826751709
110,1000.0,348,-634.4581392399999,225280,645,0.2,1090,-0.9346898287534714,0.13232421875,78.36460244059563,0.011143379,-0.003160744953493122,0.0003,26.511188507080078,0.5560708045959473,0.38961660861968994
111,1000.0,352,-620.7652155899999,227328,645,0.2,1100,-0.9286731747910381,0.2197265625,23.35983249247074,0.014331613,0.0072664351260755215,0.0003,10.631342887878418,-0.000498652458190918,0.38750216364860535
112,1000.0,355,-619.28158501,229376,644,0.2,1110,-0.9242391059175133,0.071826171875,87.82045403122902,0.0049344148,-0.004049526649032487,0.0003,27.443862915039062,0.7841767072677612,0.38918644189834595
113,1000.0,359,-616.2743500699999,231424,644,0.2,1120,-0.9129093812778593,0.088671875,48.390062326192854,0.007088908,-0.004462962430989137,0.0003,17.83469009399414,0.4991697072982788,0.3824103772640228
114,1000.0,362,-628.7889649099999,233472,643,0.2,1130,-0.8940786050632596,0.12099609375,119.54319318532944,0.013224674,-0.005604478788154665,0.0003,26.85927391052246,0.7989907264709473,0.38204866647720337
115,1000.0,366,-629.3789024,235520,642,0.2,1140,-0.8974878091365099,0.058447265625,167.1288990855217,0.0052075787,-0.0022773467033402996,0.0003,86.5232925415039,0.7236288785934448,0.3840535283088684
116,1000.0,370,-626.31267793,237568,642,0.2,1150,-0.8948108430951833,0.135693359375,112.04657770991325,0.010837485,-0.002387075718434062,0.0003,39.47151184082031,0.38052481412887573,0.38045716285705566
117,1000.0,373,-578.89434584,239616,641,0.2,1160,-0.8950391031801701,0.165576171875,43.93758771419525,0.014484301,0.003972267582139466,0.0003,22.767189025878906,0.22107237577438354,0.3835463225841522
118,1000.0,376,-578.6377999599999,241664,641,0.2,1170,-0.9152764439582824,0.174658203125,38.32099571824074,0.020271458,0.0008435382813331671,0.0003,25.311384201049805,0.3364139795303345,0.38971471786499023
119,1000.0,380,-572.3938853199999,243712,640,0.2,1180,-0.9308465162292123,0.1626953125,67.28471471071244,0.011993088,-0.0028616610892640893,0.0003,30.386817932128906,0.34877902269363403,0.38913244009017944
120,1000.0,383,-575.37409785,245760,640,0.2,1190,-0.9179199073463679,0.152490234375,33.548255702853204,0.012892326,-0.0017989235624554568,0.0003,12.745140075683594,0.5349303483963013,0.3851664066314697
121,1000.0,387,-572.00628176,247808,639,0.2,1200,-0.9115639485418796,0.1396484375,58.990258055925366,0.011540851,-0.0012236820999532937,0.0003,22.142148971557617,0.04506796598434448,0.38523608446121216
122,1000.0,391,-642.7281863699999,249856,638,0.2,1210,-0.9212233863770962,0.1693359375,40.186156237125395,0.012628324,-0.0039239544174051845,0.0003,18.097366333007812,0.16782057285308838,0.38724571466445923
123,1000.0,394,-633.8592126499999,251904,638,0.2,1220,-0.9410924186930061,0.148876953125,331.5840279251337,0.0061828233,0.006007570246583782,0.0003,8.565146446228027,0.6440677642822266,0.39152687788009644
124,1000.0,398,-570.67039299,253952,637,0.2,1230,-0.9433562450110913,0.10673828125,88.47619081735611,0.009502932,-0.0026966614430421034,0.0003,16.2100887298584,0.3868101239204407,0.38911962509155273
125,1000.0,401,-558.4413785500001,256000,637,0.2,1240,-0.9096390319988131,0.229248046875,15.196365866065026,0.02200181,-0.0007309859225642868,0.0003,11.090044975280762,0.16637134552001953,0.379428505897522
126,1000.0,405,-539.5415972000001,258048,637,0.2,1250,-0.8890884568914771,0.150390625,31.300073564052582,0.009507442,0.0005899222800508141,0.0003,15.53476333618164,0.13375645875930786,0.3811113238334656
127,1000.0,408,-522.38206261,260096,636,0.2,1260,-0.8812614928930997,0.193310546875,13.374651914834976,0.018109474,-0.00023709117667749524,0.0003,6.952712535858154,0.11897706985473633,0.37670189142227173
128,1000.0,411,-506.7684219000001,262144,636,0.2,1270,-0.8726405849680304,0.1044921875,54.694785964488986,0.0086157955,-0.005724817162263207,0.0003,17.966638565063477,0.27589482069015503,0.3769214153289795
129,1000.0,415,-498.22114099000015,264192,636,0.2,1280,-0.8737590750679374,0.134130859375,23.915815585851668,0.009873235,-0.001088592637097463,0.0003,13.516369819641113,0.2560451030731201,0.37772512435913086
130,1000.0,418,-481.56671087,266240,635,0.2,1290,-0.8650188902392983,0.1494140625,22.93871298134327,0.01619032,-0.0006778539158403873,0.0003,10.318900108337402,0.0274583101272583,0.37401238083839417
131,1000.0,422,-464.21901435000007,268288,635,0.2,1300,-0.85072031468153,0.14921875,21.20041655153036,0.013081223,-0.004958440479094861,0.0003,13.65891170501709,0.350735604763031,0.3726532757282257
132,1000.0,425,-448.67834774999994,270336,634,0.2,1310,-0.8359583236277104,0.1732421875,11.694720546901227,0.013745298,-6.958831945667044e-05,0.0003,3.707275629043579,0.15794259309768677,0.37051063776016235
133,1000.0,429,-410.60443667,272384,634,0.2,1320,-0.8317259918898344,0.188134765625,9.544269919395447,0.01706652,-0.0014556649271980858,0.0003,5.21387243270874,0.20411574840545654,0.37018871307373047
134,1000.0,432,-483.6451358299999,274432,634,0.2,1330,-0.834553212672472,0.078369140625,872.4392551898957,0.0051898304,0.0017487914388766511,0.0003,274.723876953125,0.8665195107460022,0.3710942268371582
135,1000.0,436,-477.0341296299999,276480,633,0.2,1340,-0.839372513629496,0.027880859375,1100.7767457008363,0.0034972853,-0.0016379533117287792,0.0003,297.7662658691406,0.9379322528839111,0.37164637446403503
136,1000.0,439,-468.74667793000003,278528,633,0.2,1350,-0.8469558412209153,0.10302734375,52.106809687614444,0.013409568,-0.005896307853254257,0.0003,21.210866928100586,0.23992139101028442,0.37412309646606445
137,1000.0,443,-460.95376180000005,280576,632,0.2,1360,-0.842729520611465,0.230419921875,12.405507776141167,0.02412929,-0.0008442806240054779,0.0003,9.609284400939941,0.07344317436218262,0.37048888206481934
138,1000.0,446,-453.62725999,282624,632,0.2,1370,-0.8205260111019015,0.137158203125,59.197278678417206,0.008328775,-0.003306320698175114,0.0003,11.177038192749023,0.1776915192604065,0.36603444814682007
139,1000.0,448,-449.25345983,284672,634,0.2,1380,-0.7967003177851438,0.168212890625,12.200362721085549,0.013279628,0.001557918822800275,0.0003,7.100357532501221,0.10602623224258423,0.36134493350982666
140,1000.0,450,-434.8885111799999,286720,636,0.2,1390,-0.7733934633433819,0.184912109375,16.333351156115533,0.017635807,-0.0038396905743866227,0.0003,7.987494468688965,0.10356378555297852,0.3573647141456604
141,1000.0,452,-426.80391248,288768,637,0.2,1400,-0.7559898171573878,0.144921875,22.890682649612426,0.0105229085,-0.0029832929685653653,0.0003,3.874406099319458,0.3834151029586792,0.3549784719944
142,1000.0,454,-414.93020089,290816,639,0.2,1410,-0.7423492398113012,0.12646484375,36.51630398035049,0.0120197255,-0.003459798741096165,0.0003,11.2611722946167,0.2327137589454651,0.35225439071655273
143,1000.0,456,-408.21104011000006,292864,640,0.2,1420,-0.7155270531773568,0.184326171875,17.191145837306976,0.013938367,-0.0028153695893706754,0.0003,8.311239242553711,0.08686113357543945,0.3470853865146637
144,1000.0,458,-396.01641464,294912,642,0.2,1430,-0.6826089223846793,0.175341796875,19.51651331782341,0.017087651,-0.0029051573481410744,0.0003,8.423222541809082,0.16740870475769043,0.3413524031639099
145,1000.0,460,-391.43167378,296960,644,0.2,1440,-0.6648511037230491,0.165673828125,16.82980457544327,0.017396808,0.0003448003699304536,0.0003,6.137200832366943,0.2382909059524536,0.33967337012290955
146,1000.0,462,-385.96423431000005,299008,646,0.2,1450,-0.6595970019698143,0.174951171875,19.970457856357097,0.01593858,-0.001510970069648465,0.0003,4.872216701507568,0.45885300636291504,0.34009623527526855
147,1000.0,464,-378.11552406000004,301056,648,0.2,1460,-0.6514260936528444,0.17421875,11.59973768144846,0.014135139,0.0021227422017545904,0.0003,5.473300457000732,0.06860488653182983,0.33677780628204346
148,1000.0,466,-374.2922590399999,303104,649,0.2,1470,-0.641497945971787,0.17373046875,15.47609201669693,0.020136835,0.0017763305018888786,0.0003,6.443082809448242,0.3550289273262024,0.3354364037513733
149,1000.0,468,-369.07348214999996,305152,651,0.2,1480,-0.6289833718910813,0.188623046875,12.215914478898048,0.016942054,0.0003940897178836167,0.0003,6.205309867858887,0.15710598230361938,0.3317463994026184
150,1000.0,470,-365.68322276,307200,653,0.2,1490,-0.610479530878365,0.14931640625,23.94384625852108,0.011884643,-0.006161063896433916,0.0003,21.203243255615234,0.46721351146698,0.3293125033378601
151,990.22,472,-361.7306146799999,309248,654,0.2,1500,-0.5979532206431031,0.182080078125,15.042638143897056,0.0149752125,-0.0027610474491666535,0.0003,10.528918266296387,-0.005416512489318848,0.32772356271743774
152,990.22,474,-359.35199797999996,311296,656,0.2,1510,-0.5890850763767957,0.178466796875,10.26065298318863,0.016358297,-0.004200420145934913,0.0003,6.403336524963379,0.332536518573761,0.32719022035598755
153,990.22,475,-353.19021857,313344,658,0.2,1520,-0.5986007086932659,0.20361328125,12.22389938533306,0.02309379,0.0014823444711510093,0.0003,3.6962389945983887,0.2078242301940918,0.33111971616744995
154,990.22,477,-343.66667694000006,315392,660,0.2,1530,-0.60884053632617,0.10400390625,41.83389081954956,0.010405699,-0.004145129474636633,0.0003,21.937803268432617,0.20990604162216187,0.3302176594734192
155,990.22,479,-324.8071925,317440,661,0.2,1540,-0.5917165942490101,0.209033203125,12.977849732339383,0.017281398,0.002356269875599537,0.0003,7.392577648162842,0.18986648321151733,0.32622861862182617
156,990.22,481,-225.44771490000002,319488,663,0.2,1550,-0.5788491372019052,0.173486328125,9.843850837647915,0.02125157,0.0012481455778470263,0.0003,6.122872829437256,0.1594771146774292,0.32453811168670654
157,990.22,483,-220.17707425,321536,664,0.2,1560,-0.5776297934353352,0.189208984375,9.846972543001176,0.016560161,-0.0010885265379329211,0.0003,5.161170482635498,0.20876997709274292,0.3260822296142578
158,990.22,485,-211.03106302,323584,666,0.2,1570,-0.5787304116412997,0.1392578125,17.356761272251607,0.010772426,0.0001211491646245122,0.0003,7.791135787963867,0.23184937238693237,0.32570356130599976
159,990.22,487,-203.89369551,325632,668,0.2,1580,-0.5758538840338587,0.13505859375,20.275303480029105,0.008822685,-0.003051281286752783,0.0003,11.717392921447754,0.22824746370315552,0.3254024386405945
160,990.22,489,-203.18958256,327680,669,0.2,1590,-0.5640355667099357,0.1560546875,15.927360007166863,0.0107855555,-0.0005876836265088059,0.0003,6.893918514251709,0.046768903732299805,0.3214053213596344
161,990.22,491,-195.92265953000003,329728,671,0.2,1600,-0.5359097361564636,0.209716796875,9.418272210657596,0.016549358,0.002279158005694626,0.0003,4.273494720458984,0.12627249956130981,0.3167979121208191
162,990.22,492,-192.41526007000004,331776,673,0.2,1610,-0.5231989115476608,0.122265625,27.100221106410025,0.010768075,-0.00788088261615485,0.0003,10.248509407043457,0.27650976181030273,0.316192626953125
163,990.22,494,-179.23758233,333824,674,0.2,1620,-0.510854378528893,0.146337890625,25.952630633115767,0.015425537,-0.0015684479156334418,0.0003,10.743178367614746,0.05640894174575806,0.3127027153968811
164,990.22,496,-172.73480416,335872,676,0.2,1630,-0.49811315480619667,0.1357421875,30.227289524674415,0.013664678,-0.002349196604336612,0.0003,11.269780158996582,0.2263643741607666,0.3122810125350952
165,990.22,498,-169.11078261,337920,677,0.2,1640,-0.4959972560405731,0.11982421875,40.563033705949785,0.010517346,-0.004294737555028405,0.0003,17.32722282409668,0.3506896495819092,0.31218722462654114
166,990.22,500,-164.92674268,339968,679,0.2,1650,-0.4850472522899508,0.159033203125,39.277910536527635,0.014881242,-0.002613447011390235,0.0003,22.0974063873291,0.04476010799407959,0.309112012386322
167,990.22,502,-162.21056151,342016,680,0.2,1660,-0.4748037178069353,0.166796875,25.972696164250372,0.0140983295,-0.004270358465146273,0.0003,8.463333129882812,0.1911415457725525,0.3097197413444519
168,990.22,504,-154.24160227,344064,682,0.2,1670,-0.46270075142383577,0.198681640625,14.302932411432266,0.018160723,0.0013141314979293385,0.0003,6.912032127380371,0.10851913690567017,0.3058874011039734
169,990.22,506,-150.84723879,346112,683,0.2,1680,-0.46043050959706305,0.170849609375,17.194657650589942,0.013578567,0.0008273512954474427,0.0003,9.903337478637695,0.1033850908279419,0.3080194592475891
170,990.22,507,-70.955655,348160,685,0.2,1690,-0.4836458332836628,0.17578125,21.69182810485363,0.014716092,-0.0017281216918490828,0.0003,10.77061653137207,0.04789447784423828,0.31253165006637573
171,990.22,510,-63.928441719999995,350208,685,0.2,1700,-0.5045567525550723,0.1537109375,26.098404783010483,0.013406093,-0.005078486812999472,0.0003,9.247320175170898,0.4150276184082031,0.3150780200958252
172,984.65,514,-62.73988856,352256,685,0.2,1710,-0.5119997942820191,0.18447265625,15.237744732201099,0.015795743,-0.001025179770658724,0.0003,7.558444499969482,0.251020610332489,0.3154821991920471
173,984.65,517,-63.080206749999995,354304,684,0.2,1720,-0.5089789688587188,0.062353515625,124.80700342655182,0.0053559565,-0.004212345532141626,0.0003,35.297996520996094,0.6843222379684448,0.31449049711227417
174,984.65,520,-58.997154939999994,356352,684,0.2,1730,-0.4973569978028536,0.18115234375,17.249592024087907,0.023333026,-0.0027521449999767357,0.0003,7.262519359588623,-0.34767019748687744,0.3116433620452881
175,984.65,524,-50.64270565999998,358400,683,0.2,1740,-0.48262045402079823,0.236083984375,7.076468692719937,0.019291347,0.004467588344414253,0.0003,2.9474971294403076,0.16689354181289673,0.31065627932548523
176,983.93,527,-47.26266669999999,360448,683,0.2,1750,-0.4943645834922791,0.22373046875,8.250855377316475,0.02008789,0.0030882087812642567,0.0003,3.606579542160034,0.0692707896232605,0.31552308797836304
177,983.93,530,-40.81494664999999,362496,683,0.2,1760,-0.5022051122039557,0.169873046875,13.86131079941988,0.016919738,-0.004095518386748154,0.0003,5.707314968109131,0.35841643810272217,0.31535688042640686
178,983.93,533,-35.70587233,364544,682,0.2,1770,-0.4855713305994868,0.16103515625,12.51522841602564,0.019489013,-0.0014819648247794248,0.0003,6.556561470031738,0.16464382410049438,0.3107927441596985
179,983.93,536,-35.992636789999985,366592,682,0.2,1780,-0.4715779772028327,0.175048828125,16.419241793453693,0.016244154,0.000136569730238989,0.0003,15.415486335754395,0.3306828737258911,0.3102648854255676
180,983.93,540,-52.53868322999999,368640,682,0.2,1790,-0.4759732995182276,0.192236328125,15.37529878616333,0.022833765,0.005412505954154767,0.0003,6.167715549468994,0.020239591598510742,0.31243598461151123
181,983.93,543,-53.14989846999998,370688,682,0.2,1800,-0.4843477511778474,0.09345703125,205.59094727039337,0.011228003,0.00203254712105263,0.0003,39.211830139160156,0.8525776863098145,0.3132391571998596
182,983.93,546,30.46872155,372736,682,0.2,1810,-0.48961761835962536,0.14638671875,30.76295060515404,0.015505363,-0.0026131213118787853,0.0003,20.84079933166504,0.1085667610168457,0.3140132427215576
183,983.93,549,36.64241785,374784,681,0.2,1820,-0.48481959346681835,0.143603515625,31.45413130223751,0.009756186,-0.0017992812470765784,0.0003,22.164329528808594,0.47146350145339966,0.311847984790802
184,983.93,552,38.46987191,376832,681,0.2,1830,-0.45300681758672,0.18125,18.951246079802512,0.019039769,0.004582541240961291,0.0003,7.098451614379883,0.07248234748840332,0.30480337142944336
185,983.93,555,44.48558116,378880,682,0.2,1840,-0.430012246966362,0.140625,27.011924424767493,0.010263128,-0.002544218997354619,0.0003,11.994071960449219,0.5532726049423218,0.3040551543235779
186,983.93,557,45.74008482,380928,683,0.2,1850,-0.43134901244193313,0.1994140625,18.532541452348234,0.020057915,-0.0011753387094358913,0.0003,14.470219612121582,0.1160578727722168,0.3036665916442871
187,983.93,559,50.05607003,382976,684,0.2,1860,-0.44459987096488474,0.2013671875,17.29681541323662,0.014164368,0.007044932057033293,0.0003,5.091901779174805,0.12156599760055542,0.3063865303993225
188,983.93,561,50.376735470000014,385024,686,0.2,1870,-0.45272664837539195,0.200244140625,9.203913454711437,0.019434873,0.0005616594062303193,0.0003,4.697430610656738,0.1371910572052002,0.3063574433326721
189,983.93,563,57.47220924000001,387072,687,0.2,1880,-0.45531939845532177,0.1578125,18.724946230649948,0.01865453,-0.003969814249285264,0.0003,9.185203552246094,0.21746814250946045,0.307672917842865
190,983.93,565,55.291781070000006,389120,688,0.2,1890,-0.4579540709033608,0.2154296875,7.497050730884075,0.019153617,0.0009361535412608646,0.0003,2.9504995346069336,0.12655115127563477,0.30890822410583496
191,983.93,567,55.92123347,391168,689,0.2,1900,-0.4612723920494318,0.114697265625,146.18686936497687,0.009838125,-0.0029429847636492923,0.0003,7.820159912109375,0.79093337059021,0.3089311718940735
192,983.93,569,61.99904908999999,393216,690,0.2,1910,-0.4585606448352337,0.174755859375,13.830754414200783,0.02126303,-0.0009641391268814913,0.0003,7.230733871459961,0.3620418310165405,0.30781322717666626
193,983.93,571,65.70088005,395264,692,0.2,1920,-0.44915418699383736,0.216064453125,9.038053949177264,0.019853484,0.0003941824077628553,0.0003,4.079061508178711,0.12383383512496948,0.30489733815193176
194,983.93,573,66.89460097999999,397312,693,0.2,1930,-0.431515178270638,0.21787109375,8.270416858792306,0.02096007,0.004586511297384277,0.0003,5.381065845489502,0.07826799154281616,0.30243945121765137
195,983.93,575,67.78481522000001,399360,694,0.2,1940,-0.41574238874018193,0.19375,10.694314897060394,0.025730547,-0.0038717882038326935,0.0003,5.954291820526123,0.2173193097114563,0.30154865980148315
196,983.93,577,66.96361339,401408,695,0.2,1950,-0.4150069208815694,0.177587890625,16.423127192258836,0.015080805,-0.0015547270551905968,0.0003,7.373592853546143,0.13628911972045898,0.30007338523864746
197,983.93,579,66.19575735,403456,696,0.2,1960,-0.40569279752671716,0.1318359375,26.837121653556824,0.009834279,-0.004495175901683979,0.0003,13.124119758605957,0.07876831293106079,0.29868897795677185
198,983.93,581,66.26348325999999,405504,697,0.2,1970,-0.3964846175163984,0.151416015625,16.89975786805153,0.009276557,0.0005092403225717135,0.0003,9.52701473236084,0.06086844205856323,0.2979549765586853
199,983.93,583,64.18099686000001,407552,698,0.2,1980,-0.4037563303485513,0.15595703125,23.19758614897728,0.010079872,-0.0004968363093212247,0.0003,10.624129295349121,0.03608947992324829,0.3007277250289917
200,993.71,585,66.27019051,409600,699,0.2,1990,-0.41606581341475246,0.192333984375,10.166056735813617,0.015197255,0.0035626915661850942,0.0003,5.169818878173828,-0.0038241147994995117,0.3018532991409302
201,993.71,587,67.62935076999999,411648,700,0.2,2000,-0.4210156640037894,0.185205078125,9.415178583562374,0.013083098,-0.0028147774413810112,0.0003,6.49521017074585,0.0997157096862793,0.30244651436805725
202,993.71,589,71.84466561999999,413696,701,0.2,2010,-0.4201212365180254,0.17998046875,10.905638474225999,0.013664423,-0.0030902562764822507,0.0003,5.1480021476745605,0.2699265480041504,0.3023851215839386
203,993.71,591,73.10507903999999,415744,702,0.2,2020,-0.4158870542421937,0.156494140625,14.387599629163741,0.011702503,-0.0030184521943738218,0.0003,7.977327823638916,0.17125940322875977,0.30086958408355713
204,993.71,593,75.40205415999999,417792,703,0.2,2030,-0.4245114266872406,0.179345703125,12.847533699870109,0.015594419,-0.0018826493542292155,0.0003,6.075754642486572,0.10851848125457764,0.30398815870285034
205,993.71,595,77.61686107,419840,704,0.2,2040,-0.4313107099384069,0.19873046875,6.0909634456038475,0.0143772075,-0.0006210704043041915,0.0003,2.8197081089019775,0.09664320945739746,0.30309396982192993
206,993.71,597,79.16968704000001,421888,706,0.2,2050,-0.41947093028575183,0.152294921875,9.91482956558466,0.018780597,-0.003766846300277393,0.0003,4.599977493286133,0.17007458209991455,0.3010219633579254
207,993.71,599,82.04813549,423936,707,0.2,2060,-0.40422953441739085,0.180322265625,8.007083337008954,0.012441492,-0.002891150581126567,0.0003,3.835256576538086,0.2224574089050293,0.298617422580719
208,993.71,601,88.88060763,425984,708,0.2,2070,-0.3961060717701912,0.135595703125,12.583270870149136,0.010003083,-0.004183582484256476,0.0003,10.502306938171387,0.24740159511566162,0.2984302043914795
209,993.71,604,92.29290419999998,428032,707,0.2,2080,-0.3907653946429491,0.173876953125,13.692205466330051,0.014536317,-0.005853852092695888,0.0003,4.43148136138916,0.44784289598464966,0.2973264455795288
210,993.71,607,96.71475784999998,430080,707,0.2,2090,-0.3841332960873842,0.13515625,20.550966227054595,0.01672256,-0.0004387513879919425,0.0003,9.101149559020996,0.24499386548995972,0.29605674743652344
211,993.71,611,18.13920779,432128,706,0.2,2100,-0.38626739494502543,0.186767578125,18.23192632496357,0.013982572,-0.002168185498157982,0.0003,8.3911771774292,0.050456225872039795,0.29734769463539124
212,993.71,614,22.898434199999986,434176,706,0.2,2110,-0.3903065361082554,0.099365234375,629.072009062767,0.017924003,0.0020301801268942654,0.0003,73.75113677978516,0.8909211158752441,0.29747575521469116
213,993.71,617,31.411714690000004,436224,706,0.2,2120,-0.382693387940526,0.1642578125,16.10208979547024,0.019866295,0.0030427551158936695,0.0003,7.502455711364746,-0.9634944200515747,0.29578346014022827
214,993.71,621,35.278116589999996,438272,705,0.2,2130,-0.37411358319222926,0.148779296875,52.702095228433606,0.010428291,-0.005008991195063572,0.0003,22.392471313476562,0.16296714544296265,0.2962459921836853
215,993.71,623,38.98844044,440320,706,0.2,2140,-0.3619949400424957,0.259423828125,7.580810377001763,0.022083703,0.0033668753327219746,0.0003,3.948275566101074,-0.11687803268432617,0.2921627163887024
216,993.71,625,44.24706999,442368,707,0.2,2150,-0.33499482572078704,0.21884765625,7.823806753754615,0.016623177,0.0013353008194826542,0.0003,3.7918994426727295,0.14199626445770264,0.288784384727478
217,993.71,627,50.89446481999998,444416,708,0.2,2160,-0.3153531074523926,0.186474609375,7.803951648622752,0.015852034,-0.003200220853614155,0.0003,3.5189523696899414,0.11634749174118042,0.28705036640167236
218,993.71,630,52.77484047999997,446464,707,0.2,2170,-0.2967588994652033,0.230712890625,6.779430892318487,0.015270689,-0.006434254447231069,0.0003,2.916562080383301,0.13729780912399292,0.2830756604671478
219,993.71,632,56.08284657999998,448512,708,0.2,2180,-0.2859009575098753,0.1328125,21.784904067218303,0.009213053,-0.007874173281015829,0.0003,10.06293773651123,0.3168834447860718,0.2836456298828125
220,993.71,635,59.606439139999985,450560,709,0.2,2190,-0.2956652484834194,0.211767578125,9.421852518618106,0.019773614,-0.0020919196598697455,0.0003,2.5419158935546875,0.07038956880569458,0.28633978962898254
221,999.28,637,67.61366748999998,452608,709,0.2,2200,-0.3043916642665863,0.18505859375,8.444481581449509,0.015493693,0.0019398440592340194,0.0003,3.8717849254608154,0.17915910482406616,0.28684312105178833
222,999.28,641,67.32014962999999,454656,709,0.2,2210,-0.3069537252187729,0.134228515625,23.764022466540336,0.012458853,-0.003153774376551155,0.0003,13.518495559692383,0.22756117582321167,0.28714171051979065
223,999.28,645,-15.139564310000004,456704,707,0.2,2220,-0.3054320063441992,0.154052734375,56.39656485170126,0.011293648,-0.0013557333859353093,0.0003,39.19839096069336,0.6824138760566711,0.2866913974285126
224,999.28,648,-15.438435120000007,458752,707,0.2,2230,-0.3041131317615509,0.031396484375,2595.271741580963,0.004612188,0.00014403166715055705,0.0003,311.0032653808594,0.25739890336990356,0.2864483594894409
225,1000.0,652,-14.787746779999994,460800,706,0.2,2240,-0.30183615945279596,0.246630859375,15.349249744415284,0.022610776,0.004077077061083401,0.0003,5.9807610511779785,-1.8621830940246582,0.28716111183166504
226,1000.0,656,-60.529952859999995,462848,705,0.2,2250,-0.30304994322359563,0.147900390625,32.355961185693744,0.014821754,-0.005587817674677353,0.0003,17.989559173583984,0.4927753806114197,0.28765618801116943
227,1000.0,659,-61.46652063999997,464896,704,0.2,2260,-0.3026673775166273,0.06220703125,1121.1748540878295,0.003461824,0.0003664515010314062,0.0003,283.9352111816406,0.9029066562652588,0.2869277596473694
228,1000.0,662,-57.63122126999999,466944,704,0.2,2270,-0.2993872556835413,0.213232421875,26.514587703347207,0.026227346,-0.001305995401344262,0.0003,10.502862930297852,-0.3299591541290283,0.2861718535423279
229,1000.0,664,-127.51653644,468992,705,0.2,2280,-0.2976476985961199,0.087060546875,2524.496286392212,0.0031570783,0.0012222822901094333,0.0003,894.3153686523438,0.9536699652671814,0.2864404022693634
230,1000.0,666,-129.06966886,471040,706,0.2,2290,-0.29963658675551413,0.049169921875,817.7570252418518,0.0059108767,0.00036062773142475635,0.0003,390.0226745605469,0.9602800607681274,0.28689202666282654
231,1000.0,668,-131.02523003,473088,707,0.2,2300,-0.30844469256699086,0.2119140625,23.10268644988537,0.018973611,0.000460994872264564,0.0003,13.163527488708496,-0.14706099033355713,0.2888278067111969
232,1000.0,670,-128.59276601,475136,708,0.2,2310,-0.3132326606661081,0.2087890625,83.94440291523934,0.017179556,-0.0017983826306590344,0.0003,18.13338851928711,-0.6764403581619263,0.2898702025413513
233,1000.0,672,-129.59758439,477184,709,0.2,2320,-0.3249238278716803,0.2708984375,21.27173394560814,0.0198524,0.004844175671314588,0.0003,7.315576076507568,0.3248141407966614,0.2907719910144806
234,1000.0,674,-128.90496627,479232,710,0.2,2330,-0.3166800834238529,0.18525390625,34.295359775424004,0.022431692,-0.0034836220074794255,0.0003,13.5370454788208,0.4677552580833435,0.28884774446487427
235,1000.0,676,-130.47150169,481280,711,0.2,2340,-0.3146286029368639,0.293701171875,14.429340568184852,0.034454558,0.0058419400331331415,0.0003,4.674301624298096,0.14873510599136353,0.28885310888290405
236,1000.0,678,-130.14290663,483328,712,0.2,2350,-0.31586018688976764,0.20859375,15.880860221385955,0.015111411,0.001311508894286817,0.0003,11.271571159362793,0.15592092275619507,0.2878958582878113
237,1000.0,680,-129.63846534,485376,713,0.2,2360,-0.31361963599920273,0.22470703125,16.680890887975693,0.019000482,-0.0012340820641838946,0.0003,9.110739707946777,0.03280031681060791,0.2892410457134247
238,1000.0,682,-131.13427357999998,487424,713,0.2,2370,-0.30844582468271253,0.239111328125,11.255694983899593,0.025479868,0.003600655276386533,0.0003,6.773290157318115,0.13164371252059937,0.2862478494644165
239,1000.0,685,-123.91180275999999,489472,714,0.2,2380,-0.29433162808418273,0.202880859375,11.532014591991901,0.015520153,-0.002285167053923942,0.0003,5.550551891326904,0.16896802186965942,0.2852758765220642
240,1000.0,687,-126.86846763000001,491520,715,0.2,2390,-0.2648383844643831,0.23857421875,8.588190894573927,0.028621402,0.00013340444202185607,0.0003,5.603869915008545,0.10348975658416748,0.2781290113925934
241,990.23,689,-134.24269094999997,493568,715,0.2,2400,-0.23890674524009228,0.130810546875,35.54991405010223,0.009442391,-0.005031891871112748,0.0003,34.84641647338867,0.28899621963500977,0.27703696489334106
242,990.23,691,-135.76845951999996,495616,716,0.2,2410,-0.2418909899890423,0.10205078125,43.42406303882599,0.009466431,-0.00791803814645391,0.0003,18.868377685546875,0.24417173862457275,0.2782076895236969
243,990.23,693,-136.14488492999996,497664,717,0.2,2420,-0.25028178840875626,0.202880859375,17.52940845489502,0.013396716,-0.0010681759493309073,0.0003,8.86150074005127,-0.03212428092956543,0.2779069244861603
244,990.23,695,-136.32493382,499712,718,0.2,2430,-0.24261775836348534,0.196728515625,28.665496039390565,0.016360803,-0.004229236856190255,0.0003,14.207988739013672,0.0655813217163086,0.27614444494247437
245,990.23,697,-133.20933387,501760,719,0.2,2440,-0.23319216184318065,0.180322265625,12.343794570863247,0.0199203,-0.0008669642906170338,0.0003,5.009397506713867,0.36309152841567993,0.2756871283054352
